{
  "resources": [
    "pikachu.ogg"
  ],
  "spritemap": {
    "Happy 01": {
      "start": 0,
      "end": 1.4705668934240363,
      "loop": false,
      "Pikachu": "Long"
    },
    "Happy 02": {
      "start": 2,
      "end": 3.0325170068027214,
      "loop": false,
      "Pika": "Normal"
    },
    "Happy 03": {
      "start": 4,
      "end": 5.939886621315193,
      "loop": false,
      "Pika": "Short",
      "Pikachu": "Normal"
    },
    "Happy 04": {
      "start": 6,
      "end": 7.627006802721088,
      "loop": false,
      "Pika": "Normal",
      "Pikachu": "Short"
    },
    "Happy 05": {
      "start": 8,
      "end": 8.65705215419501,
      "loop": false,
      "Pika": "Normal"
    },
    "Happy 06": {
      "start": 9,
      "end": 10.063809523809525,
      "loop": false,
      "Pikacha": "Short"
    },
    "Happy 07": {
      "start": 11,
      "end": 12.939886621315193,
      "loop": false,
      "Pika": "Short",
      "Pikachu": "Long"
    },
    "Happy 08": {
      "start": 13,
      "end": 14.564421768707483,
      "loop": false,
      "Pika": "Short",
      "Ka": 3
    },
    "Happy 09": {
      "start": 15,
      "end": 16.595714285714287,
      "loop": false,
      "Pika": 2
    },
    "Happy 10": {
      "start": 17,
      "end": 17.406757369614514,
      "loop": false,
      "Pika": "Short"
    },
    "Happy 11": {
      "start": 18,
      "end": 19.095102040816325,
      "loop": false,
      "Pika": "Long"
    },
    "Happy 12": {
      "start": 20,
      "end": 21.68956916099773,
      "loop": false,
      "Pika": "Long",
      "Pikachu": "Long"
    },
    "Happy 13": {
      "start": 22,
      "end": 22.563197278911566,
      "loop": false,
      "Pika": "Normal"
    },
    "Happy 14": {
      "start": 23,
      "end": 24.90859410430839,
      "loop": false,
      "Pika": 3
    },
    "Happy 15": {
      "start": 25,
      "end": 25.876077097505668,
      "loop": false,
      "Pikachu": "Normal"
    },
    "Happy 16": {
      "start": 26,
      "end": 27.627006802721088,
      "loop": false,
      "Pika": 2
    },
    "Happy 17": {
      "start": 28,
      "end": 29.282834467120182,
      "loop": false,
      "Pika": "Normal",
      "Pi": "Normal"
    },
    "Happy 18": {
      "start": 30,
      "end": 31.501836734693878,
      "loop": false,
      "Pika Pi": 2
    },
    "Happy 19": {
      "start": 32,
      "end": 33.65827664399093,
      "loop": false,
      "Pi": 2,
      "Pi Pika": "Normal"
    },
    "Happy 20": {
      "start": 34,
      "end": 35.063809523809525,
      "loop": false,
      "Pika": "Long"
    },
    "Happy 21": {
      "start": 36,
      "end": 36.93866213151927,
      "loop": false,
      "Pika": "Normal"
    },
    "Happy 22": {
      "start": 37,
      "end": 37.782222222222224,
      "loop": false,
      "Pika": "Normal"
    },
    "Happy 23": {
      "start": 38,
      "end": 38.84478458049887,
      "loop": false,
      "Pika": "Normal"
    },
    "Happy 24": {
      "start": 39,
      "end": 40.846009070294784,
      "loop": false,
      "Pika": "Normal",
      "Bree": "Normal"
    },
    "Happy 25": {
      "start": 41,
      "end": 42.939886621315196,
      "loop": false,
      "Pika": "Long"
    },
    "Happy 26": {
      "start": 43,
      "end": 44.56442176870748,
      "loop": false,
      "Cha": "Long"
    },
    "Happy 27": {
      "start": 45,
      "end": 46.53312925170068,
      "loop": false,
      "Pika": 2
    },
    "Happy 28": {
      "start": 47,
      "end": 48.43927437641723,
      "loop": false,
      "Pika": 2
    },
    "Happy 29": {
      "start": 49,
      "end": 50.220249433106574,
      "loop": false,
      "Cha": "Short"
    },
    "Happy 30": {
      "start": 51,
      "end": 52.971156462585036,
      "loop": false,
      "Pika": 2
    },
    "Happy 31": {
      "start": 53,
      "end": 54.18895691609978,
      "loop": false,
      "Pika": 2
    },
    "Happy 32": {
      "start": 55,
      "end": 56.501836734693875,
      "loop": false,
      "Pika": 2
    },
    "Happy 33": {
      "start": 57,
      "end": 57.81748299319728,
      "loop": false,
      "Pikachu": "Normal"
    },
    "Happy 34": {
      "start": 58,
      "end": 59.09825396825397,
      "loop": false,
      "Pika": 2
    },
    "Happy 35": {
      "start": 60,
      "end": 60.63662131519274,
      "loop": false,
      "Pi": "Normal"
    },
    "Happy 36": {
      "start": 61,
      "end": 62.36419501133787,
      "loop": false,
      "Pikacha": "Normal"
    },
    "Happy 37": {
      "start": 63,
      "end": 64.35498866213152,
      "loop": false,
      "Pika": 2
    },
    "Happy 38": {
      "start": 65,
      "end": 65.90612244897959,
      "loop": false,
      "Pi Pika": "Normal"
    },
    "Happy 39": {
      "start": 66,
      "end": 66.6166439909297,
      "loop": false,
      "Pika": "Normal"
    },
    "Happy 40": {
      "start": 67,
      "end": 67.5852380952381,
      "loop": false,
      "Pi": "Long"
    },
    "Happy 41": {
      "start": 68,
      "end": 69.36975056689343,
      "loop": false,
      "Cha": "Long"
    },
    "Happy 42": {
      "start": 70,
      "end": 71.91333333333333,
      "loop": false,
      "Pikachu": "Long"
    },
    "Happy 43": {
      "start": 72,
      "end": 73.38267573696145,
      "loop": false,
      "Cha": "Normal"
    },
    "Happy 44": {
      "start": 74,
      "end": 75.97621315192744,
      "loop": false,
      "Pika": "Normal",
      "Pikachu": "Normal"
    },
    "Happy 45": {
      "start": 76,
      "end": 77.0154648526077,
      "loop": false,
      "Pika": 2
    },
    "Happy 46": {
      "start": 78,
      "end": 78.65705215419501,
      "loop": false,
      "Pi": "Normal"
    },
    "Happy 47": {
      "start": 79,
      "end": 79.59448979591836,
      "loop": false,
      "Pika": "Normal"
    },
    "Happy 48": {
      "start": 80,
      "end": 80.90736961451248,
      "loop": false,
      "Pika": "Normal"
    },
    "Happy 49": {
      "start": 81,
      "end": 81.71963718820862,
      "loop": false,
      "Pika": "Normal"
    },
    "Happy 50": {
      "start": 82,
      "end": 83.18895691609977,
      "loop": false,
      "Pika": "Normal"
    },
    "Happy 51": {
      "start": 84,
      "end": 84.56319727891156,
      "loop": false,
      "Pika": "Normal"
    },
    "Happy 52": {
      "start": 85,
      "end": 86.12639455782313,
      "loop": false,
      "Pika": "Normal"
    },
    "Happy 53": {
      "start": 87,
      "end": 87.81351473922902,
      "loop": false,
      "Cha": "Short"
    },
    "Happy 54": {
      "start": 88,
      "end": 89.09510204081633,
      "loop": false,
      "Pika Pi": "Normal"
    },
    "Playful 01": {
      "start": 90,
      "end": 91.72086167800454,
      "loop": false,
      "Pika": "Long"
    },
    "Playful 02": {
      "start": 92,
      "end": 93.90859410430839,
      "loop": false,
      "Pika": "Normal",
      "Pikachu": "Long"
    },
    "Playful 03": {
      "start": 94,
      "end": 94.87607709750567,
      "loop": false,
      "Pika": "Normal"
    },
    "Playful 04": {
      "start": 95,
      "end": 96.78344671201815,
      "loop": false,
      "Pika": "Long"
    },
    "Playful 05": {
      "start": 97,
      "end": 98.49290249433106,
      "loop": false,
      "Pika": "Long"
    },
    "Playful 06": {
      "start": 99,
      "end": 100.27213151927438,
      "loop": false,
      "Pika": 2
    },
    "Sad 01": {
      "start": 101,
      "end": 102.47056689342404,
      "loop": false,
      "Pika": "Normal"
    },
    "Sad 02": {
      "start": 103,
      "end": 104.43927437641723,
      "loop": false,
      "Pi": "Normal"
    },
    "Sad 03": {
      "start": 105,
      "end": 106.9398866213152,
      "loop": false,
      "Pikachu": "Long"
    },
    "Sad 04": {
      "start": 107,
      "end": 108.87730158730159,
      "loop": false,
      "Pi Pika": "Long"
    },
    "Sad 05": {
      "start": 109,
      "end": 110.59571428571428,
      "loop": false,